date;hosp_symptoms;intensive_care;hosp;positives;discharged;deceased;swabs
2020-02-24T18:00:00;101;26;127;221;1;7;4324
2020-02-25T18:00:00;114;35;150;311;1;10;8623
2020-02-26T18:00:00;128;36;164;385;3;12;9587
2020-02-27T18:00:00;248;56;304;588;45;17;12014
2020-02-28T18:00:00;345;64;409;821;46;21;15695
2020-02-29T18:00:00;401;105;506;1049;50;29;18661
2020-03-01T18:00:00;639;140;779;1577;83;34;21127
2020-03-02T18:00:00;742;166;908;1835;149;52;23345
2020-03-03T18:00:00;1034;229;1263;2263;160;79;25856
2020-03-04T18:00:00;1346;295;1641;2706;276;107;29837
2020-03-05T18:00:00;1790;351;2141;3296;414;148;32362
2020-03-06T18:00:00;2394;462;2856;3916;523;197;36359
2020-03-07T18:00:00;2651;567;3218;5061;589;233;42062
2020-03-08T18:00:00;3557;650;4207;6387;622;366;49937
2020-03-09T18:00:00;4316;733;5049;7985;724;463;53826
2020-03-10T18:00:00;5038;877;5915;8514;1004;631;60761
2020-03-11T17:00:00;5838;1028;6866;10590;1045;827;73154
2020-03-12T17:00:00;6650;1153;7803;12839;1258;1016;86011
2020-03-13T17:00:00;7426;1328;8754;14955;1439;1266;97488
2020-03-14T17:00:00;8372;1518;9890;17750;1966;1441;109170
2020-03-15T17:00:00;9663;1672;11335;20603;2335;1809;124899
2020-03-16T17:00:00;11025;1851;12876;23073;2749;2158;137962
2020-03-17T17:00:00;12894;2060;14954;26062;2941;2503;148657
2020-03-18T17:00:00;14363;2257;16620;28710;4025;2978;165541
2020-03-19T17:00:00;15757;2498;18255;33190;4440;3405;182777
2020-03-20T17:00:00;16020;2655;18675;37860;5129;4032;206886
2020-03-21T17:00:00;17708;2857;20565;42681;6072;4825;233222
2020-03-22T17:00:00;19846;3009;22855;46638;7024;5476;258402
2020-03-23T17:00:00;20692;3204;23896;50418;7432;6077;275468
2020-03-24T17:00:00;21937;3396;25333;54030;8326;6820;296964
2020-03-25T17:00:00;23112;3489;26601;57521;9362;7503;324445
2020-03-26T17:00:00;24753;3612;28365;62013;10361;8165;361060
2020-03-27T17:00:00;26029;3732;29761;66414;10950;9134;394079
2020-03-28T17:00:00;26676;3856;30532;70065;12384;10023;429526
2020-03-29T17:00:00;27386;3906;31292;73880;13030;10779;454030
2020-03-30T17:00:00;27795;3981;31776;75528;14620;11591;477359
2020-03-31T17:00:00;28192;4023;32215;77635;15729;12428;506968
2020-04-01T17:00:00;28403;4035;32438;80572;16847;13155;541423
2020-04-02T17:00:00;28540;4053;32593;83049;18278;13915;581232
2020-04-03T17:00:00;28741;4068;32809;85388;19758;14681;619849
2020-04-04T17:00:00;29010;3994;33004;88274;20996;15362;657224
2020-04-05T17:00:00;28949;3977;32926;91246;21815;15887;691461
2020-04-06T17:00:00;28976;3898;32874;93187;22837;16523;721732
2020-04-07T17:00:00;28718;3792;32510;94067;24392;17127;755445
2020-04-08T17:00:00;28485;3693;32178;95262;26491;17669;807125
2020-04-09T17:00:00;28399;3605;32004;96877;28470;18279;853369
2020-04-10T17:00:00;28242;3497;31739;98273;30455;18849;906864
2020-04-11T17:00:00;28144;3381;31525;100269;32534;19468;963473
2020-04-12T17:00:00;27847;3343;31190;102253;34211;19899;1010193
2020-04-13T17:00:00;28023;3260;31283;103616;35435;20465;1046910
2020-04-14T17:00:00;28011;3186;31197;104291;37130;21067;1073689
2020-04-15T17:00:00;27643;3079;30722;105418;38092;21645;1117404
2020-04-16T17:00:00;26893;2936;29829;106607;40164;22170;1178403
2020-04-17T17:00:00;25786;2812;28598;106962;42727;22745;1244108
2020-04-18T17:00:00;25007;2733;27740;107771;44927;23227;1305833
2020-04-19T17:00:00;25033;2635;27668;108257;47055;23660;1356541
2020-04-20T17:00:00;24906;2573;27479;108237;48877;24114;1398024
2020-04-21T17:00:00;24134;2471;26605;107709;51600;24648;1450150
2020-04-22T17:00:00;23805;2384;26189;107699;54543;25085;1513251
2020-04-23T17:00:00;22871;2267;25138;106848;57576;25549;1579909
2020-04-24T17:00:00;22068;2173;24241;106527;60498;25969;1642356
2020-04-25T17:00:00;21533;2102;23635;105847;63120;26384;1707743
2020-04-26T17:00:00;21372;2009;23381;106103;64928;26644;1757659
2020-04-27T17:00:00;20353;1956;22309;105813;66624;26977;1789662
2020-04-28T17:00:00;19723;1863;21586;105205;68941;27359;1846934
2020-04-29T17:00:00;19210;1795;21005;104657;71252;27682;1910761
2020-04-30T17:00:00;18149;1694;19843;101551;75945;27967;1979217
2020-05-01T17:00:00;17569;1578;19147;100943;78249;28236;2053425
2020-05-02T17:00:00;17357;1539;18896;100704;79914;28710;2108837
2020-05-03T17:00:00;17242;1501;18743;100179;81654;28884;2153772
2020-05-04T17:00:00;16823;1479;18302;99980;82879;29079;2191403
2020-05-05T17:00:00;16270;1427;17697;98467;85231;29315;2246666
2020-05-06T17:00:00;15769;1333;17102;91528;93245;29684;2310929
2020-05-07T17:00:00;15174;1311;16485;89624;96276;29958;2381288
2020-05-08T17:00:00;14636;1168;15804;87961;99023;30201;2445063
2020-05-09T17:00:00;13834;1034;14868;84842;103031;30395;2514234
2020-05-10T17:00:00;13618;1027;14645;83324;105186;30560;2565912
2020-05-11T17:00:00;13539;999;14538;82488;106587;30739;2606652
2020-05-12T17:00:00;12865;952;13817;81266;109039;30911;2673655
2020-05-13T17:00:00;12172;893;13065;78457;112541;31106;2735628
2020-05-14T17:00:00;11453;855;12308;76440;115288;31368;2807504
2020-05-15T17:00:00;10792;808;11600;72070;120205;31610;2875680
2020-05-16T17:00:00;10400;775;11175;70187;122810;31763;2944859
2020-05-17T17:00:00;10311;762;11073;68351;125176;31908;3004960
2020-05-18T17:00:00;10207;749;10956;66553;127326;32007;3041366
2020-05-19T17:00:00;9991;716;10707;65129;129401;32169;3104524
2020-05-20T17:00:00;9624;676;10300;62752;132282;32330;3171719
2020-05-21T17:00:00;9269;640;9909;60960;134560;32486;3243398
2020-05-22T17:00:00;8957;595;9552;59322;136720;32616;3318778
2020-05-23T17:00:00;8695;572;9267;57752;138840;32735;3391188
2020-05-24T17:00:00;8613;553;9166;56594;140479;32785;3447012
2020-05-25T17:00:00;8185;541;8726;55300;141981;32877;3482253
2020-05-26T17:00:00;7917;521;8438;52942;144658;32955;3539927
2020-05-27T17:00:00;7729;505;8234;50966;147101;33072;3607251
2020-05-28T17:00:00;7379;489;7868;47986;150604;33142;3683144
2020-05-29T17:00:00;7094;475;7569;46175;152844;33229;3755279
2020-05-30T17:00:00;6680;450;7130;43691;155633;33340;3824621
2020-05-31T17:00:00;6387;435;6822;42097;157507;33415;3878739
2020-06-01T17:00:00;6099;424;6523;41367;158355;33475;3910133
2020-06-02T17:00:00;5916;408;6324;39893;160092;33530;3962292
2020-06-03T17:00:00;5742;353;6095;39297;160938;33601;3999591
2020-06-04T17:00:00;5503;338;5841;38429;161895;33689;4049544
2020-06-05T17:00:00;5301;316;5617;36976;163781;33774;4114572
2020-06-06T17:00:00;5002;293;5295;35877;165078;33846;4187057
2020-06-07T17:00:00;4864;287;5151;35262;165837;33899;4236535
2020-06-08T17:00:00;4729;283;5012;34730;166584;33964;4263647
2020-06-09T17:00:00;4581;263;4844;32872;168646;34043;4318650
2020-06-10T17:00:00;4320;249;4569;31710;169939;34114;4381349
2020-06-11T17:00:00;4131;236;4367;30637;171338;34167;4443821
2020-06-12T17:00:00;3893;227;4120;28997;173085;34223;4514441
2020-06-13T17:00:00;3747;220;3967;27485;174865;34301;4564191
2020-06-14T17:00:00;3594;209;3803;26274;176370;34345;4620718
2020-06-15T17:00:00;3489;207;3696;25909;177010;34371;4648825
2020-06-16T17:00:00;3301;177;3478;24569;178526;34405;4695707
2020-06-17T17:00:00;3113;163;3276;23925;179455;34448;4773408
2020-06-18T17:00:00;2867;168;3035;23101;180544;34514;4831562
2020-06-19T17:00:00;2632;161;2793;21543;181907;34561;4889103
2020-06-20T17:00:00;2474;152;2626;21212;182453;34610;4943825
2020-06-21T17:00:00;2314;148;2462;20972;182893;34634;4984370
2020-06-22T17:00:00;2038;127;2165;20637;183426;34657;5013342
2020-06-23T17:00:00;1853;115;1968;19573;184585;34675;5053827
2020-06-24T17:00:00;1610;107;1717;18655;186111;34644;5107093
2020-06-25T17:00:00;1515;103;1618;18303;186725;34678;5163154
2020-06-26T17:00:00;1356;105;1461;17638;187615;34708;5215922
2020-06-27T17:00:00;1260;97;1357;16836;188584;34716;5277273
2020-06-28T17:00:00;1160;98;1258;16681;188891;34738;5314619
2020-06-29T17:00:00;1120;96;1216;16496;189196;34744;5341837
2020-06-30T17:00:00;1090;93;1183;15563;190248;34767;5390110
2020-07-01T17:00:00;1025;87;1112;15255;190717;34788;5445476
2020-07-02T17:00:00;963;82;1045;15060;191083;34818;5498719
2020-07-03T17:00:00;956;79;1035;14884;191467;34833;5548815
2020-07-04T17:00:00;940;71;1011;14621;191944;34854;5600826
2020-07-05T17:00:00;945;74;1019;14642;192108;34861;5638288
2020-07-06T17:00:00;946;72;1018;14709;192241;34869;5660454
2020-07-07T17:00:00;940;70;1010;14242;192815;34899;5703673
2020-07-08T17:00:00;899;71;970;13595;193640;34914;5754116
2020-07-09T17:00:00;871;69;940;13459;193978;34926;5806668
2020-07-10T17:00:00;844;65;909;13428;194273;34938;5854621
2020-07-11T17:00:00;826;67;893;13303;194579;34945;5900552
2020-07-12T17:00:00;776;68;844;13179;194928;34954;5938811
2020-07-13T17:00:00;768;65;833;13157;195106;34967;5962744
2020-07-14T17:00:00;777;60;837;12919;195441;34984;6004611
2020-07-15T17:00:00;797;57;854;12493;196016;34997;6053060
2020-07-16T17:00:00;750;53;803;12473;196246;35017;6103492
2020-07-17T17:00:00;771;50;821;12456;196483;35028;6154259
2020-07-18T17:00:00;757;50;807;12368;196806;35042;6202524
2020-07-19T17:00:00;743;49;792;12440;196949;35045;6238049
2020-07-20T17:00:00;745;47;792;12404;197162;35058;6262302
2020-07-21T17:00:00;732;49;781;12248;197431;35073;6305412
2020-07-22T17:00:00;724;48;772;12322;197628;35082;6354730
2020-07-23T17:00:00;713;49;762;12404;197842;35092;6415041
2020-07-24T17:00:00;713;46;759;12301;198192;35097;6468375
2020-07-25T17:00:00;731;41;772;12442;198320;35102;6520046
2020-07-26T17:00:00;735;44;779;12565;198446;35107;6560572
2020-07-27T17:00:00;740;45;785;12581;198593;35112;6586123
2020-07-28T17:00:00;749;40;789;12609;198756;35123;6634293
2020-07-29T17:00:00;731;38;769;12616;199031;35129;6690311
2020-07-30T17:00:00;748;47;795;12230;199796;35132;6752169
2020-07-31T17:00:00;716;41;757;12422;199974;35141;6813113
2020-08-01T17:00:00;705;43;748;12457;200229;35146;6873496
2020-08-02T17:00:00;708;42;750;12456;200460;35154;6916765
2020-08-03T17:00:00;734;41;775;12474;200589;35166;6940801
2020-08-04T17:00:00;761;41;802;12482;200766;35171;6984589
2020-08-05T17:00:00;764;41;805;12646;200976;35181;7041040
2020-08-06T17:00:00;762;42;804;12694;201323;35187;7099713
2020-08-07T17:00:00;779;42;821;12924;201642;35190;7158909
2020-08-08T17:00:00;771;43;814;12953;201947;35203;7212207
2020-08-09T17:00:00;763;45;808;13263;202098;35205;7249844
2020-08-10T17:00:00;779;46;825;13368;202248;35209;7276276
2020-08-11T17:00:00;801;49;850;13561;202461;35215;7316918
2020-08-12T17:00:00;779;53;832;13791;202697;35225;7369576
2020-08-13T17:00:00;786;55;841;14081;202923;35231;7420764
2020-08-14T17:00:00;771;56;827;14249;203326;35234;7467487
2020-08-15T17:00:00;764;55;819;14406;203640;35392;7520610
2020-08-16T17:00:00;787;56;843;14733;203786;35396;7557417
2020-08-17T17:00:00;810;58;868;14867;203968;35400;7588083
2020-08-18T17:00:00;843;58;901;15089;204142;35405;7642059
2020-08-19T17:00:00;866;66;932;15360;204506;35412;7713154
2020-08-20T17:00:00;883;68;951;16014;204686;35418;7790596
2020-08-21T17:00:00;919;69;988;16678;204960;35427;7862592
2020-08-22T17:00:00;924;64;988;17503;205203;35430;7940266
2020-08-23T17:00:00;971;69;1040;18438;205470;35437;8007637
2020-08-24T17:00:00;1045;65;1110;19195;205662;35441;8053551
2020-08-25T17:00:00;1058;66;1124;19714;206015;35445;8125892
2020-08-26T17:00:00;1055;69;1124;20753;206329;35458;8219421
2020-08-27T17:00:00;1131;67;1198;21932;206554;35463;8313445
2020-08-28T17:00:00;1178;74;1252;23035;206902;35472;8410510
2020-08-29T17:00:00;1168;79;1247;24156;207224;35473;8509618
2020-08-30T17:00:00;1251;86;1337;25205;207536;35477;8586341
2020-08-31T17:00:00;1288;94;1382;26078;207653;35483;8644859
2020-09-01T17:00:00;1380;107;1487;26754;207944;35491;8725909
2020-09-02T17:00:00;1437;109;1546;27817;208201;35497;8828868
2020-09-03T17:00:00;1505;120;1625;28915;208490;35507;8921658
2020-09-04T17:00:00;1607;121;1728;30099;209027;35518;9034743
2020-09-05T17:00:00;1620;121;1741;31194;209610;35533;9142401
2020-09-06T17:00:00;1683;133;1816;32078;210015;35541;9219257
2020-09-07T17:00:00;1719;142;1861;32993;210238;35553;9271810
2020-09-08T17:00:00;1760;143;1903;33789;210801;35563;9364213
2020-09-09T17:00:00;1778;150;1928;34734;211272;35577;9460203
2020-09-10T17:00:00;1836;164;2000;35708;211885;35587;9554389
2020-09-11T17:00:00;1849;175;2024;36767;212432;35597;9653269
2020-09-12T17:00:00;1951;182;2133;37503;213191;35603;9745975
2020-09-13T17:00:00;2042;187;2229;38509;213634;35610;9818118
2020-09-14T17:00:00;2122;197;2319;39187;213950;35624;9863427
2020-09-15T17:00:00;2222;201;2423;39712;214645;35633;9943944
2020-09-16T17:00:00;2285;207;2492;40532;215265;35645;10044551
2020-09-17T17:00:00;2348;212;2560;41413;215954;35658;10146324
2020-09-18T17:00:00;2387;208;2595;42457;216807;35668;10246163
2020-09-19T17:00:00;2380;215;2595;43161;217716;35692;10349386
2020-09-20T17:00:00;2365;222;2587;44098;218351;35707;10432814
2020-09-21T17:00:00;2475;232;2707;45079;218703;35724;10488676
2020-09-22T17:00:00;2604;239;2843;45489;219670;35738;10575979
2020-09-23T17:00:00;2658;244;2902;46114;220665;35758;10679675
2020-09-24T17:00:00;2731;246;2977;46780;221762;35781;10787694
2020-09-25T17:00:00;2737;244;2981;47718;222716;35801;10894963
2020-09-26T17:00:00;2746;247;2993;48593;223693;35818;10999350
2020-09-27T17:00:00;2846;254;3100;49618;224417;35835;11087064
2020-09-28T17:00:00;2977;264;3241;50323;225190;35851;11138173
2020-09-29T17:00:00;3048;271;3319;50630;226506;35875;11228358
2020-09-30T17:00:00;3047;280;3327;51263;227704;35894;11333922
2020-10-01T17:00:00;3097;291;3388;52647;228844;35918;11452158
2020-10-02T17:00:00;3142;294;3436;53997;229970;35941;11572459
2020-10-03T17:00:00;3205;297;3502;55566;231217;35968;11691391
2020-10-04T17:00:00;3287;303;3590;57429;231914;35986;11784105
2020-10-05T17:00:00;3487;323;3810;58903;232681;36002;11844346
2020-10-06T17:00:00;3625;319;3944;60134;234099;36030;11944088
2020-10-07T17:00:00;3782;337;4119;62576;235303;36061;12069402
2020-10-08T17:00:00;3925;358;4283;65952;236363;36083;12197500
2020-10-09T17:00:00;4086;387;4473;70110;237549;36111;12326971
2020-10-10T17:00:00;4336;390;4726;74829;238525;36140;12460055
2020-10-11T17:00:00;4519;420;4939;79075;239709;36166;12564713
2020-10-12T17:00:00;4821;452;5273;82764;240600;36205;12650155
2020-10-13T17:00:00;5076;514;5590;87193;242028;36246;12762699
2020-10-14T17:00:00;5470;539;6009;92445;244065;36289;12914895
2020-10-15T17:00:00;5796;586;6382;99266;245964;36372;13077827
2020-10-16T17:00:00;6178;638;6816;107312;247872;36427;13228204
2020-10-17T17:00:00;6617;705;7322;116935;249127;36474;13394041
2020-10-18T17:00:00;7131;750;7881;126237;251461;36543;13540582
2020-10-19T17:00:00;7676;797;8473;134003;252959;36616;13639444
2020-10-20T17:00:00;8454;870;9324;142739;255005;36705;13784181
2020-10-21T17:00:00;9057;926;9983;155442;257374;36832;13962029
2020-10-22T17:00:00;9694;992;10686;169302;259456;36968;14132421
2020-10-23T17:00:00;10549;1049;11598;186002;261808;37059;14314453
2020-10-24T17:00:00;11287;1128;12415;203182;264117;37210;14492122
2020-10-25T17:00:00;12006;1208;13214;222241;266203;37338;14654002
2020-10-26T17:00:00;12997;1284;14281;236684;268626;37479;14778688
2020-10-27T17:00:00;13955;1411;15366;255090;271988;37700;14953086
2020-10-28T17:00:00;14981;1536;16517;276457;275404;37905;15152038
2020-10-29T17:00:00;15964;1651;17615;299191;279282;38122;15353490
2020-10-30T17:00:00;16994;1746;18740;325786;283567;38321;15568575
2020-10-31T17:00:00;17966;1843;19809;351386;289426;38618;15784461
2020-11-01T17:00:00;18902;1939;20841;378129;292380;38826;15967918
2020-11-02T17:00:00;19840;2022;21862;396512;296017;39059;16103649
2020-11-03T17:00:00;21114;2225;23339;418142;302275;39412;16285936
2020-11-04T17:00:00;22116;2292;24408;443235;307378;39747;16497767
2020-11-05T17:00:00;23256;2391;25647;472348;312339;40192;16717651
2020-11-06T17:00:00;24005;2515;26520;499118;322925;40638;16951896
2020-11-07T17:00:00;25109;2634;27743;532536;328891;41063;17183569
2020-11-08T17:00:00;26440;2749;29189;558636;335074;41394;17374713
2020-11-09T17:00:00;27636;2849;30485;573334;345289;41750;17522438
2020-11-10T17:00:00;28633;2971;31604;590110;363023;42330;17740196
2020-11-11T17:00:00;29444;3081;32525;613358;372113;42953;17965836
2020-11-12T17:00:00;29873;3170;33043;635054;387758;43589;18200508
2020-11-13T17:00:00;30914;3230;34144;663926;399238;44139;18455416
2020-11-14T17:00:00;31398;3306;34704;688435;411434;44683;18683111
2020-11-15T17:00:00;32047;3422;35469;712490;420810;45229;18878386
2020-11-16T17:00:00;32536;3492;36028;717784;442364;45733;19031049
2020-11-17T17:00:00;33074;3612;36686;733810;457798;46464;19239507
2020-11-18T17:00:00;33504;3670;37174;743168;481967;47217;19474341
2020-11-19T17:00:00;33610;3712;37322;761671;498987;47870;19724527
2020-11-20T17:00:00;33957;3748;37705;777176;520022;48569;19962604
2020-11-21T17:00:00;34063;3758;37821;791746;539524;49261;20199829
2020-11-22T17:00:00;34279;3801;38080;805947;553098;49823;20388576
2020-11-23T17:00:00;34697;3810;38507;796849;584493;50453;20537521
2020-11-24T17:00:00;34577;3816;38393;798386;605330;51306;20726180
2020-11-25T17:00:00;34313;3848;38161;791697;637149;52028;20956187
2020-11-26T17:00:00;34038;3846;37884;795845;661180;52850;21188898
2020-11-27T17:00:00;33684;3782;37466;787893;696647;53677;21411701
2020-11-28T17:00:00;33299;3762;37061;789308;720861;54363;21637641
2020-11-29T17:00:00;32879;3753;36632;795771;734503;54904;21814575
2020-11-30T17:00:00;33187;3744;36931;788471;757507;55576;21945099
2020-12-01T17:00:00;32811;3663;36474;779945;784595;56361;22127199
2020-12-02T17:00:00;32454;3616;36070;761230;823335;57045;22334342
2020-12-03T17:00:00;31772;3597;35369;759982;846809;58038;22554389
2020-12-04T17:00:00;31200;3567;34767;757702;872385;58852;22767130
2020-12-05T17:00:00;30158;3517;33675;754169;896308;59514;22962114
2020-12-06T17:00:00;30391;3454;33845;755306;913494;60078;23125664
2020-12-07T17:00:00;30524;3382;33906;748819;933132;60606;23236881
2020-12-08T17:00:00;30081;3345;33426;737525;958629;61240;23386113
2020-12-09T17:00:00;29653;3320;32973;710515;997895;61739;23504588
2020-12-10T17:00:00;29088;3291;32379;696527;1027994;62626;23676174
2020-12-11T17:00:00;28562;3265;31827;690323;1052163;63387;23866590
2020-12-12T17:00:00;28066;3199;31265;684848;1076891;64036;24063029
2020-12-13T17:00:00;27735;3158;30893;686031;1093161;64520;24215726
2020-12-14T17:00:00;27765;3095;30860;675109;1115617;65011;24319310
2020-12-15T17:00:00;27342;3003;30345;663313;1141406;65857;24483741
2020-12-16T17:00:00;26897;2926;29823;645706;1175901;66537;24683230
2020-12-17T17:00:00;26427;2855;29282;635343;1203814;67220;24635720
2020-12-18T17:00:00;25769;2819;28588;627798;1226086;67894;24815520
2020-12-19T17:00:00;25364;2784;28148;620166;1249470;68447;24991705
2020-12-20T17:00:00;25158;2743;27901;622760;1261626;68799;25129125
2020-12-21T17:00:00;25145;2731;27876;613582;1281258;69214;25217014
2020-12-22T17:00:00;24948;2687;27635;605955;1301573;69842;25374719
2020-12-23T17:00:00;24546;2624;27170;598816;1322067;70395;25558583
2020-12-24T17:00:00;24070;2589;26659;593632;1344785;70900;25752360
2020-12-25T17:00:00;23402;2584;25986;579886;1377109;71359;25904694
2020-12-26T17:00:00;23312;2580;25892;580943;1386213;71627;25986258
2020-12-27T17:00:00;23571;2580;26151;581760;1394011;71925;26046137
2020-12-28T17:00:00;23932;2565;26497;575221;1408686;72370;26114818
2020-12-29T17:00:00;23662;2549;26211;568728;1425730;73029;26243558
2020-12-30T17:00:00;23566;2528;26094;564395;1445690;73604;26412603
2020-12-31T17:00:00;23151;2555;25706;569896;1463111;74159;26598607
2021-01-01T17:00:00;22822;2553;25375;574767;1479988;74621;26756131
2021-01-02T17:00:00;22948;2569;25517;577062;1489154;74985;26823305
2021-01-03T17:00:00;23075;2583;25658;576214;1503900;75332;26926279
2021-01-04T17:00:00;23317;2579;25896;570458;1520106;75680;27004272
2021-01-05T17:00:00;23395;2569;25964;569161;1536129;76329;27139378
2021-01-06T17:00:00;23174;2571;25745;568712;1556356;76877;27317974
2021-01-07T17:00:00;23291;2587;25878;571055;1572015;77291;27439249
2021-01-08T17:00:00;23313;2587;25900;570389;1589590;77911;27579516
2021-01-09T17:00:00;23260;2593;25853;572842;1606630;78394;27751635
2021-01-10T17:00:00;23427;2615;26042;579932;1617804;78755;27891393
2021-01-11T17:00:00;23603;2642;26245;575979;1633839;79203;27983049
2021-01-12T17:00:00;23712;2636;26348;570040;1653404;79819;28124690
2021-01-13T17:00:00;23525;2579;26104;564774;1673936;80326;28300119
2021-01-14T17:00:00;23110;2557;25667;561380;1694051;80848;28460704
2021-01-15T17:00:00;22841;2522;25363;558068;1713030;81325;28734210
2021-01-16T17:00:00;22784;2520;25304;557717;1729216;81800;28995614
2021-01-17T17:00:00;22757;2503;25260;553374;1745726;82177;29206692
2021-01-18T17:00:00;22884;2544;25428;547059;1760489;82554;29365366
2021-01-19T17:00:00;22699;2487;25186;535524;1781917;83157;29619436
2021-01-20T17:00:00;22469;2461;24930;523553;1806932;83681;29899198
2021-01-21T17:00:00;22045;2418;24463;516568;1827451;84202;30166765
2021-01-22T17:00:00;21691;2390;24081;502053;1855127;84674;30431493
2021-01-23T17:00:00;21403;2386;23789;498834;1871189;85162;30717824
2021-01-24T17:00:00;21309;2400;23709;499278;1882074;85461;30934035
2021-01-25T17:00:00;21424;2421;23845;491630;1897861;85881;31060966
2021-01-26T17:00:00;21355;2372;23727;482417;1917117;86422;31317253
2021-01-27T17:00:00;21161;2352;23513;477969;1936289;86889;31611023
2021-01-28T17:00:00;20778;2288;23066;474617;1953509;87381;31886602
2021-01-29T17:00:00;20397;2270;22667;467824;1973388;87858;32155352
2021-01-30T17:00:00;20098;2218;22316;463352;1990152;88279;32453362
2021-01-31T17:00:00;20096;2215;22311;453968;2010548;88516;32666726
2021-02-01T17:00:00;20260;2252;22512;447589;2024523;88845;32809145
2021-02-02T17:00:00;20317;2214;22531;437765;2043500;89343;33053574
2021-02-03T17:00:00;20071;2145;22216;434722;2059248;89819;33332881
2021-02-04T17:00:00;19743;2151;21894;430277;2076928;90241;33603023
2021-02-05T17:00:00;19575;2142;21717;429118;2091923;90618;33873530
2021-02-06T17:00:00;19408;2110;21518;427034;2107061;91003;34155937
2021-02-07T17:00:00;19266;2107;21373;427024;2118441;91273;34362726
2021-02-08T17:00:00;19527;2143;21670;419604;2133523;91580;34506996
2021-02-09T17:00:00;19512;2143;21655;413967;2149350;92002;34781259
2021-02-10T17:00:00;19280;2128;21408;410111;2165817;92338;35092253
2021-02-11T17:00:00;18942;2126;21068;405019;2185655;92729;35384786
2021-02-12T17:00:00;18736;2095;20831;402174;2202077;93045;35672405
2021-02-13T17:00:00;18500;2062;20562;401413;2216050;93356;35962939
2021-02-14T17:00:00;18449;2085;20534;402783;2225519;93577;36168581
2021-02-15T17:00:00;18515;2089;20604;398098;2237290;93835;36347859
2021-02-16T17:00:00;18463;2074;20537;393686;2251734;94171;36621878
2021-02-17T17:00:00;18274;2043;20317;388864;2268253;94540;36916289
2021-02-18T17:00:00;17963;2045;20008;384501;2286029;94882;37204747
2021-02-19T17:00:00;17831;2059;19890;382448;2303199;95235;37501875
2021-02-20T17:00:00;17725;2063;19788;384623;2315687;95486;37807953
2021-02-21T17:00:00;17804;2094;19898;388895;2324633;95718;38058939
2021-02-22T17:00:00;18155;2118;20273;387903;2334968;95992;38229611
2021-02-23T17:00:00;18295;2146;20441;387948;2347866;96348;38533461
2021-02-24T17:00:00;18217;2157;20374;389433;2362465;96666;38873708
2021-02-25T17:00:00;18257;2168;20425;396143;2375318;96974;39227412
2021-02-26T17:00:00;18292;2194;20486;404664;2387032;97227;39552816
2021-02-27T17:00:00;18372;2216;20588;411966;2398352;97507;39875863
2021-02-28T17:00:00;18638;2231;20869;422367;2405199;97699;40132887
2021-03-01T17:00:00;19112;2289;21401;424333;2416093;97945;40303520
2021-03-02T17:00:00;19570;2327;21897;430996;2426150;98288;40639503
2021-03-03T17:00:00;19763;2411;22174;437421;2440218;98635;40998387
2021-03-04T17:00:00;20157;2475;22632;446439;2453706;98974;41338022
2021-03-05T17:00:00;20374;2525;22899;456470;2467388;99271;41716485
2021-03-06T17:00:00;20701;2571;23272;465812;2481372;99578;42071509
2021-03-07T17:00:00;21144;2605;23749;472862;2494839;99785;42342845
2021-03-08T17:00:00;21831;2700;24531;472533;2508732;100103;42527529
2021-03-09T17:00:00;22393;2756;25149;478883;2521731;100479;42873501
2021-03-10T17:00:00;22882;2827;25709;487074;2535483;100811;43234541
2021-03-11T17:00:00;23247;2859;26106;497350;2550483;101184;43606758
2021-03-12T17:00:00;23656;2914;26570;509317;2564926;101564;43976394
2021-03-13T17:00:00;24153;2982;27135;520061;2579896;101881;44349338
2021-03-14T17:00:00;24518;3082;27600;531266;2589731;102145;44623304
2021-03-15T17:00:00;25338;3157;28495;530357;2605538;102499;44802319
2021-03-16T17:00:00;26098;3256;29354;536115;2619654;103001;45171694
2021-03-17T17:00:00;26517;3317;29834;539008;2639370;103432;45540778
2021-03-18T17:00:00;26694;3333;30027;547510;2655346;103855;45894515
2021-03-19T17:00:00;26858;3364;30222;556539;2671638;104241;46259337
2021-03-20T17:00:00;27061;3387;30448;565453;2686236;104642;46613817
2021-03-21T17:00:00;27484;3448;30932;571672;2699762;104942;46890903
2021-03-22T17:00:00;28049;3510;31559;563067;2732482;105328;47060099
2021-03-23T17:00:00;28428;3546;31974;560654;2753083;105879;47395288
2021-03-24T17:00:00;28438;3588;32026;561308;2773215;106339;47759055
2021-03-25T17:00:00;28424;3620;32044;562958;2794888;106799;48108527
2021-03-26T17:00:00;28472;3628;32100;566711;2814652;107256;48463509
2021-03-27T17:00:00;28621;3635;32256;571815;2832939;107636;48820585
2021-03-28T17:00:00;28701;3679;32380;573172;2850889;107933;49093288
2021-03-29T17:00:00;29163;3721;32884;565930;2870614;108350;49249985
2021-03-30T17:00:00;29231;3716;32947;562765;2889301;108879;49551432
2021-03-31T17:00:00;29180;3710;32890;561053;2913045;109346;49902497
2021-04-01T17:00:00;28949;3681;32630;563479;2933757;109847;50258742
2021-04-02T17:00:00;28704;3704;32408;565295;2953377;110328;50589896
2021-04-03T17:00:00;28489;3714;32203;564855;2974688;110704;50949110
2021-04-04T17:00:00;28432;3703;32135;569035;2988199;111030;51200043
2021-04-05T17:00:00;28785;3737;32522;570096;2997522;111326;51302838
2021-04-06T17:00:00;29337;3743;33080;555705;3019255;111747;51415800
2021-04-07T17:00:00;29316;3683;32999;547837;3040182;112374;51755739
2021-04-08T17:00:00;28851;3663;32514;544330;3060411;112861;52117901
2021-04-09T17:00:00;28146;3603;31749;536361;3086586;113579;52466904
2021-04-10T17:00:00;27654;3588;31242;533085;3107069;113923;52801766
2021-04-11T17:00:00;27251;3585;30836;533005;3122555;114254;53054866
2021-04-12T17:00:00;27329;3593;30922;524417;3140565;114612;53245501
2021-04-13T17:00:00;26952;3526;30478;519220;3158725;115088;53550491
2021-04-14T17:00:00;26369;3490;29859;514660;3178976;115557;53885257
2021-04-15T17:00:00;25587;3417;29004;510023;3200196;115937;54204890
2021-04-16T17:00:00;24743;3366;28109;506738;3218975;116366;54532594
2021-04-17T17:00:00;24100;3340;27440;505308;3235459;116676;54864328
2021-04-18T17:00:00;23648;3311;26959;504611;3248593;116927;55094444
2021-04-19T17:00:00;23742;3244;26986;493489;3268262;117243;55241172
2021-04-20T17:00:00;23255;3151;26406;482715;3290715;117633;55535217
2021-04-21T17:00:00;22784;3076;25860;475635;3311267;117997;55885251
2021-04-22T17:00:00;22094;3021;25115;472196;3330392;118357;56250055
2021-04-23T17:00:00;21440;2979;24419;465543;3351461;118699;56565755
2021-04-24T17:00:00;20971;2894;23865;461448;3369048;119021;56886535
2021-04-25T17:00:00;20662;2862;23524;461212;3382224;119238;57126017
2021-04-26T17:00:00;20635;2849;23484;452812;3398763;119539;57271836
2021-04-27T17:00:00;20312;2748;23060;448149;3413451;119912;57574570
2021-04-28T17:00:00;19860;2711;22571;442771;3431867;120256;57910906
2021-04-29T17:00:00;19351;2640;21991;438709;3449955;120544;58240981
2021-04-30T17:00:00;18940;2583;21523;436270;3465576;120807;58579752
2021-05-01T17:00:00;18381;2522;20903;430542;3484042;121033;58957954
2021-05-02T17:00:00;18345;2524;20869;430906;3492679;121177;59114826
2021-05-03T17:00:00;18395;2490;20885;423558;3505717;121433;59236655
2021-05-04T17:00:00;18176;2423;20599;413889;3524194;121738;59552161
2021-05-05T17:00:00;17520;2368;19888;407129;3541266;122005;59879330
2021-05-06T17:00:00;16867;2308;19175;402802;3557133;122263;60203970
2021-05-07T17:00:00;16331;2253;18584;397564;3572713;122470;60532582
2021-05-08T17:00:00;15799;2211;18010;390120;3590107;122694;60871018
2021-05-09T17:00:00;15420;2192;17612;383854;3604523;122833;61097024
2021-05-10T17:00:00;15427;2158;17585;373670;3619586;123031;61227024
2021-05-11T17:00:00;14937;2056;16993;363859;3636089;123282;61513452
2021-05-12T17:00:00;14280;1992;16272;352422;3655112;123544;61820196
2021-05-13T17:00:00;13608;1893;15501;346008;3669407;123745;62107222
2021-05-14T17:00:00;13050;1860;14910;339606;3683189;123927;62405408
2021-05-15T17:00:00;12493;1805;14298;332830;3696481;124063;62700094
2021-05-16T17:00:00;12134;1779;13913;328882;3706084;124156;62902667
2021-05-17T17:00:00;12024;1754;13778;322891;3715389;124296;63021591
2021-05-18T17:00:00;11539;1689;13228;315308;3727220;124497;63284455
2021-05-19T17:00:00;11018;1643;12661;306730;3741149;124646;63571711
2021-05-20T17:00:00;10383;1544;11927;299486;3753965;124810;63822748
2021-05-21T17:00:00;9925;1469;11394;291788;3766660;125028;64092492
2021-05-22T17:00:00;9488;1430;10918;283744;3779293;125153;64379095
2021-05-23T17:00:00;9161;1410;10571;281092;3785866;125225;64558486
2021-05-24T17:00:00;8950;1382;10332;276439;3792898;125335;64665967
2021-05-25T17:00:00;8557;1323;9880;268145;3804246;125501;64918613
2021-05-26T17:00:00;8118;1278;9396;260029;3816176;125622;65179575
2021-05-27T17:00:00;7707;1206;8913;253193;3826984;125793;65423542
2021-05-28T17:00:00;7192;1142;8334;246270;3837518;125919;65673453
2021-05-29T17:00:00;6800;1095;7895;241966;3845087;126002;65920783
2021-05-30T17:00:00;6591;1061;7652;238296;3851661;126046;66085278
2021-05-31T17:00:00;6482;1033;7515;233674;3858019;126128;66172255
2021-06-01T17:00:00;6192;989;7181;225751;3868332;126221;66394073
2021-06-02T17:00:00;5858;933;6791;210050;3886867;126283;66620345
2021-06-03T17:00:00;5717;892;6609;205562;3893259;126342;66717978
2021-06-04T17:00:00;5488;836;6324;200192;3901112;126415;66938917
2021-06-05T17:00:00;5193;788;5981;195369;3908312;126472;67177549
2021-06-06T17:00:00;4963;774;5737;192272;3913633;126523;67327507
2021-06-07T17:00:00;4910;759;5669;188453;3918657;126588;67412074
2021-06-08T17:00:00;4685;688;5373;181726;3927176;126690;67632991
2021-06-09T17:00:00;4382;661;5043;174935;3936088;126767;67851729
2021-06-10T17:00:00;4153;626;4779;169309;3943704;126855;68039849
2021-06-11T17:00:00;3876;597;4473;165239;3949597;126924;68257459
2021-06-12T17:00:00;3655;574;4229;162409;3954097;126976;68470425
2021-06-13T17:00:00;3542;565;4107;160313;3957557;127002;68604561
2021-06-14T17:00:00;3465;536;4001;157790;3960951;127038;68683489
2021-06-15T17:00:00;3333;504;3837;105906;4014025;127101;68896197
2021-06-16T17:00:00;3064;471;3535;101855;4019424;127153;69099370
2021-06-17T17:00:00;2888;444;3332;98608;4023957;127190;69299685
2021-06-18T17:00:00;2680;416;3096;92072;4031605;127225;69515711
2021-06-19T17:00:00;2504;394;2898;89150;4035692;127253;69765699
2021-06-20T17:00:00;2444;389;2833;87710;4037996;127270;69916221
2021-06-21T17:00:00;2390;385;2775;76853;4049316;127291;69997973
2021-06-22T17:00:00;2289;362;2651;72964;4054008;127322;70190855
2021-06-23T17:00:00;2140;344;2484;68619;4059463;127334;70388886
2021-06-24T17:00:00;2027;328;2355;62309;4066029;127362;70577077
2021-06-25T17:00:00;1899;306;2205;60235;4068798;127418;70769618
2021-06-26T17:00:00;1771;298;2069;57732;4072099;127458;70994111
2021-06-27T17:00:00;1743;294;2037;57162;4073435;127472;71131694
2021-06-28T17:00:00;1723;289;2012;54682;4076274;127500;71207555
2021-06-29T17:00:00;1676;270;1946;52824;4078767;127542;71398190
2021-06-30T17:00:00;1593;247;1840;50441;4081902;127566;71583206
2021-07-01T17:00:00;1532;229;1761;49358;4083843;127587;71771680
2021-07-02T17:00:00;1469;213;1682;47779;4086188;127615;71970918
2021-07-03T17:00:00;1394;204;1598;45576;4089298;127637;72199045
2021-07-04T17:00:00;1364;197;1561;44664;4091004;127649;72340685
2021-07-05T17:00:00;1337;191;1528;43531;4092586;127680;72415334
2021-07-06T17:00:00;1271;187;1458;42579;4094421;127704;72607758
2021-07-07T17:00:00;1234;180;1414;41840;4096156;127718;72785735
2021-07-08T17:00:00;1197;180;1377;41469;4097905;127731;72960587
2021-07-09T17:00:00;1167;169;1336;41396;4099339;127756;73157509
2021-07-10T17:00:00;1147;161;1308;41015;4101102;127768;73365928
2021-07-11T17:00:00;1134;161;1295;41081;4102420;127775;73509260
2021-07-12T17:00:00;1149;158;1307;40426;4103949;127788;73582831
2021-07-13T17:00:00;1128;157;1285;40649;4105236;127808;73775374
2021-07-14T17:00:00;1108;151;1259;41700;4106315;127831;73985973
2021-07-15T17:00:00;1089;153;1242;40900;4109579;127840;74176895
2021-07-16T17:00:00;1088;161;1249;42714;4110649;127851;74382497
2021-07-17T17:00:00;1111;162;1273;43491;4112977;127864;74627294
2021-07-18T17:00:00;1136;156;1292;46113;4113478;127867;74792563
2021-07-19T17:00:00;1188;162;1350;47525;4114129;127874;74881652
2021-07-20T17:00:00;1194;165;1359;49310;4115889;127884;75100357
2021-07-21T17:00:00;1196;158;1354;51308;4118124;127905;75335454
2021-07-22T17:00:00;1234;158;1392;54866;4119607;127920;75555232
2021-07-23T17:00:00;1304;155;1459;58752;4120846;127937;75792867
2021-07-24T17:00:00;1340;172;1512;62523;4122208;127942;76051796
2021-07-25T17:00:00;1392;178;1570;66257;4123209;127949;76228449
2021-07-26T17:00:00;1512;182;1694;68236;4124323;127971;76316696
2021-07-27T17:00:00;1611;189;1800;70310;4126741;127995;76558586
2021-07-28T17:00:00;1685;183;1868;74161;4128568;128010;76807058
2021-07-29T17:00:00;1730;194;1924;78484;4130393;128029;77031848
2021-07-30T17:00:00;1812;201;2013;82962;4132510;128047;77279334
2021-07-31T17:00:00;1851;214;2065;87285;4134680;128063;77544194
2021-08-01T17:00:00;1954;230;2184;91350;4135930;128065;77711955
2021-08-02T17:00:00;2070;249;2319;93017;4137428;128088;77795178
2021-08-03T17:00:00;2196;258;2454;94216;4141043;128115;78004897
2021-08-04T17:00:00;2309;260;2569;97220;4144608;128136;78220645
2021-08-05T17:00:00;2409;268;2677;101046;4147979;128163;78432872
2021-08-06T17:00:00;2449;277;2726;104685;4150915;128187;78677529
2021-08-07T17:00:00;2533;288;2821;108535;4153940;128209;78971392
2021-08-08T17:00:00;2631;299;2930;112266;4155931;128220;79174903
2021-08-09T17:00:00;2786;323;3109;114855;4157520;128242;79277767
2021-08-10T17:00:00;2880;322;3202;116323;4161645;128273;79519533
2021-08-11T17:00:00;2948;337;3285;118761;4166095;128304;79749572
2021-08-12T17:00:00;2975;352;3327;121285;4170810;128334;79966541
2021-08-13T17:00:00;3033;369;3402;124250;4175198;128379;80192027
2021-08-14T17:00:00;3101;372;3473;126466;4180129;128413;80446033
2021-08-15T17:00:00;3162;384;3546;128528;4183709;128432;80606903
2021-08-16T17:00:00;3334;404;3738;128696;4187186;128456;80680924
2021-08-17T17:00:00;3472;423;3895;129116;4191980;128510;80918997
2021-08-18T17:00:00;3559;442;4001;128782;4199404;128579;81145420
2021-08-19T17:00:00;3627;460;4087;130502;4204869;128634;81351951
2021-08-20T17:00:00;3692;455;4147;131462;4211080;128683;81572607
2021-08-21T17:00:00;3733;466;4199;133421;4216542;128728;81827825
2021-08-22T17:00:00;3767;472;4239;134938;4220924;128751;82003364
2021-08-23T17:00:00;3928;485;4413;135555;4224429;128795;82104705
2021-08-24T17:00:00;4036;504;4540;135325;4230677;128855;82370951
2021-08-25T17:00:00;4023;499;4522;135724;4237758;128914;82615371
2021-08-26T17:00:00;4059;503;4562;137057;4243597;128957;82836243
2021-08-27T17:00:00;4114;511;4625;138118;4250314;129002;83101723
2021-08-28T17:00:00;4111;511;4622;139428;4255808;129056;83395187
2021-08-29T17:00:00;4133;525;4658;141047;4260106;129093;83618273
2021-08-30T17:00:00;4264;548;4812;141393;4263960;129146;83728076
2021-08-31T17:00:00;4252;544;4796;137925;4272845;129221;84035719
2021-09-01T17:00:00;4231;540;4771;136578;4280619;129290;84339436
2021-09-02T17:00:00;4205;555;4760;136898;4286991;129352;84632503
2021-09-03T17:00:00;4164;556;4720;137025;4293535;129410;84928897
2021-09-04T17:00:00;4204;569;4773;137039;4299621;129466;85260247
2021-09-05T17:00:00;4216;572;4788;136702;4305223;129515;85520003
2021-09-06T17:00:00;4302;570;4872;136020;4309200;129567;85654396
2021-09-07T17:00:00;4307;563;4870;133787;4316077;129638;85973261
2021-09-08T17:00:00;4235;564;4799;131581;4324135;129707;86275241
2021-09-09T17:00:00;4230;558;4788;129918;4331257;129766;86566709
2021-09-10T17:00:00;4164;548;4712;128489;4338241;129828;86852737
2021-09-11T17:00:00;4117;547;4664;127626;4344238;129885;87186478
2021-09-12T17:00:00;4113;559;4672;127334;4349160;129919;87453836
2021-09-13T17:00:00;4200;563;4763;125904;4353346;129955;87573881
2021-09-14T17:00:00;4165;554;4719;122340;4360847;130027;87892474
2021-09-15T17:00:00;4128;540;4668;118487;4369453;130100;88210140
2021-09-16T17:00:00;4018;531;4549;116342;4376646;130167;88516407
2021-09-17T17:00:00;3989;525;4514;114271;4383195;130233;88800986
2021-09-18T17:00:00;3958;519;4477;113040;4388951;130284;89156919
2021-09-19T17:00:00;3929;530;4459;113536;4392265;130310;89420490
2021-09-20T17:00:00;3982;523;4505;112514;4395648;130354;89542931
2021-09-21T17:00:00;3937;516;4453;109513;4401956;130421;89873206
2021-09-22T17:00:00;3796;513;4309;106559;4408806;130488;90166078
2021-09-23T17:00:00;3650;505;4155;105083;4414272;130551;90477853
2021-09-24T17:00:00;3553;489;4042;103556;4419537;130603;90765140
2021-09-25T17:00:00;3497;481;3978;102574;4423988;130653;91122631
2021-09-26T17:00:00;3435;483;3918;102244;4427373;130697;91398852
2021-09-27T17:00:00;3487;488;3975;101080;4430265;130742;91522929
2021-09-28T17:00:00;3418;459;3877;98872;4435370;130807;91861354
2021-09-29T17:00:00;3317;450;3767;95979;4441412;130870;92156806
2021-09-30T17:00:00;3198;440;3638;94308;4447126;130921;92465642
2021-10-01T17:00:00;3118;429;3547;93652;4451133;130973;92759111
2021-10-02T17:00:00;3057;432;3489;92749;4455320;130998;93115007
2021-10-03T17:00:00;2991;431;3422;92967;4458036;131031;93400967
2021-10-04T17:00:00;3032;437;3469;92096;4460482;131068;93523181
2021-10-05T17:00:00;2968;433;3401;90299;4464692;131118;93845463
2021-10-06T17:00:00;2872;415;3287;88247;4469937;131157;94147236
2021-10-07T17:00:00;2824;403;3227;87173;4473903;131198;94444592
2021-10-08T17:00:00;2742;383;3125;85926;4478137;131228;94716158
2021-10-09T17:00:00;2692;367;3059;85302;4481462;131274;95061127
2021-10-10T17:00:00;2651;364;3015;84808;4484207;131301;95331171
2021-10-11T17:00:00;2688;374;3062;84106;4486391;131335;95445947
2021-10-12T17:00:00;2665;370;3035;82546;4490388;131384;95761232
2021-10-13T17:00:00;2552;367;2919;80451;4495215;131421;96040177
2021-10-14T17:00:00;2479;359;2838;79368;4498924;131461;96364791
2021-10-15T17:00:00;2445;357;2802;78522;4502457;131503;96870834
2021-10-16T17:00:00;2371;352;2723;78071;4505876;131517;97343369
2021-10-17T17:00:00;2386;349;2735;77569;4508789;131541;97724420
2021-10-18T17:00:00;2428;358;2786;76363;4511545;131585;97944298
2021-10-19T17:00:00;2423;355;2778;74546;4515987;131655;98606298
2021-10-20T17:00:00;2464;355;2819;73668;4520531;131688;99091911
2021-10-21T17:00:00;2439;356;2795;73750;4524204;131724;99666582
2021-10-22T17:00:00;2443;343;2786;73729;4528065;131763;100153800
2021-10-23T17:00:00;2455;338;2793;74016;4531644;131802;100645374
2021-10-24T17:00:00;2473;341;2814;74775;4534584;131826;101049089
2021-10-25T17:00:00;2579;338;2917;74654;4537210;131856;101271474
2021-10-26T17:00:00;2604;341;2945;75046;4540823;131904;101911219
2021-10-27T17:00:00;2615;341;2956;75365;4545049;131954;102379323
2021-10-28T17:00:00;2609;347;2956;76778;4548449;132004;102949658
2021-10-29T17:00:00;2658;349;3007;78644;4551882;132037;103424436
2021-10-30T17:00:00;2707;346;3053;80381;4554985;132074;103901788
2021-10-31T17:00:00;2754;342;3096;82448;4557417;132100;104251958
2021-11-01T17:00:00;2863;364;3227;83722;4558941;132120;104398683
2021-11-02T17:00:00;2992;385;3377;84447;4561006;132161;104637037
2021-11-03T17:00:00;3029;381;3410;85287;4565291;132224;105354348
2021-11-04T17:00:00;3045;383;3428;87376;4569045;132283;105868977
2021-11-05T17:00:00;3124;395;3519;90356;4572775;132334;106412391
2021-11-06T17:00:00;3173;392;3565;93693;4576167;132365;106904353
2021-11-07T17:00:00;3215;398;3613;96987;4578669;132385;107339124
2021-11-08T17:00:00;3362;415;3777;98775;4581396;132423;107588239
2021-11-09T17:00:00;3436;421;3857;100205;4586009;132491;108233928
2021-11-10T17:00:00;3447;423;3870;102859;4591328;132551;108721546
2021-11-11T17:00:00;3509;422;3931;106920;4595897;132618;109317358
2021-11-12T17:00:00;3525;445;3970;110659;4600612;132686;109816293
2021-11-13T17:00:00;3597;453;4050;115112;4604645;132739;110356664
2021-11-14T17:00:00;3647;458;4105;119230;4608056;132775;110802257
2021-11-15T17:00:00;3808;475;4283;120875;4611566;132819;111051082
2021-11-16T17:00:00;3970;481;4451;123396;4616786;132893;111735792
2021-11-17T17:00:00;4060;486;4546;127085;4623192;132965;112273557
2021-11-18T17:00:00;4088;503;4591;132513;4628340;133034;112899331
2021-11-19T17:00:00;4145;512;4657;137130;4634229;133082;113437819
2021-11-20T17:00:00;4250;512;4762;143401;4639449;133131;114012631
2021-11-21T17:00:00;4345;520;4865;148760;4643751;133177;114499740
2021-11-22T17:00:00;4507;549;5056;151514;4647330;133247;114767310
2021-11-23T17:00:00;4597;560;5157;154510;4654295;133330;115456590
2021-11-24T17:00:00;4629;573;5202;159317;4661853;133415;116019095
2021-11-25T17:00:00;4689;588;5277;166598;4668257;133486;116669093
2021-11-26T17:00:00;4748;606;5354;172618;4675867;133537;117226273
2021-11-27T17:00:00;4826;624;5450;178946;4682318;133627;117823171
2021-11-28T17:00:00;4964;638;5602;186443;4687701;133674;118335763
2021-11-29T17:00:00;5135;669;5804;189643;4692408;133739;118611763
2021-11-30T17:00:00;5227;683;5910;194270;4700449;133828;119331735
2021-12-01T17:00:00;5248;686;5934;199783;4709906;133931;119905510
2021-12-02T17:00:00;5298;698;5996;208871;4717556;134003;120584972
2021-12-03T17:00:00;5385;708;6093;216154;4727214;134077;121173417
2021-12-04T17:00:00;5428;732;6160;223718;4736202;134152;121810009
2021-12-05T17:00:00;5597;736;6333;232000;4742887;134195;122335117
2021-12-06T17:00:00;5879;743;6622;235835;4748454;134287;122636677
2021-12-07T17:00:00;6078;776;6854;240894;4759038;134386;123331813
2021-12-08T17:00:00;6099;791;6890;249214;4768578;134472;123896511
2021-12-09T17:00:00;6333;811;7144;254553;4775676;134551;124209339
2021-12-10T17:00:00;6483;816;7299;263148;4787453;134669;124925626
2021-12-11T17:00:00;6539;818;7357;273882;4797658;134765;125490703
2021-12-12T17:00:00;6697;829;7526;284877;4805809;134831;125992518
2021-12-13T17:00:00;6951;856;7807;290757;4812535;134929;126306054
2021-12-14T17:00:00;7163;863;8026;297394;4826443;135049;127082617
2021-12-15T17:00:00;7309;870;8179;305653;4841245;135178;127717255
2021-12-16T17:00:00;7338;917;8255;317930;4854949;135301;128435536
2021-12-17T17:00:00;7520;923;8443;331968;4869406;135421;129104696
2021-12-18T17:00:00;7576;953;8529;347472;4881836;135544;129802436
2021-12-19T17:00:00;7726;966;8692;362275;4891239;135641;130368736
2021-12-20T17:00:00;8101;987;9088;369703;4899879;135778;130705958
2021-12-21T17:00:00;8381;1012;9393;384144;4916068;135931;131557823
2021-12-22T17:00:00;8544;1010;9554;402729;4933663;136077;132337126
